Date/Time , SpO2 , Pulse Rate , Pulse Amp , SpO2 Low Alarm Limit , SpO2 High Alarm Limit , Pulse Low Alarm Limit , Pulse High Alarm Limit , RR , RR Lower Alarm Limit , RR Upper Alarm Limit , SPDI , Events
9/12/2019 11:04,91,76,67,85,100,40,170,  ,  ,  ,-1, 
9/12/2019 11:04,102,79,97,85,100,40,170,  ,  ,  ,-1, Interference
9/12/2019 11:04,99,94,97,85,100,40,170,  ,  ,  ,-1, 
9/12/2019 11:04,96,  ,127,85,100,40,170,  ,  ,  ,-1, 
9/12/2019 11:04,97,  ,131,85,100,40,170,  ,  ,  ,-1, 
9/12/2019 11:04,100,  ,131,85,100,40,170,  ,  ,  ,-1, 
9/12/2019 11:04,98,  ,78,85,100,40,170,  ,  ,  ,-1, 
9/12/2019 11:04,95,  ,255,85,100,40,170,  ,  ,  ,-1, 
9/12/2019 11:04,96,  ,255,85,100,40,170,  ,  ,  ,-1, 
9/12/2019 11:04,99,  ,255,85,100,40,170,  ,  ,  ,-1, 
9/12/2019 11:04,96,  ,225,85,100,40,170,  ,  ,  ,-1, 
9/12/2019 11:04,96,  ,255,85,100,40,170,  ,  ,  ,-1, 
9/12/2019 11:04,96,  ,163,85,100,40,170,  ,  ,  ,-1, 
9/12/2019 11:04,99,  ,239,85,100,40,170,  ,  ,  ,-1, 
9/12/2019 11:04,98,  ,0,85,100,40,170,  ,  ,  ,-1, Sensor Off
9/12/2019 11:04,90,  ,0,85,100,40,170,  ,  ,  ,-1, 
9/12/2019 11:04,95,  ,0,85,100,40,170,  ,  ,  ,-1, 
9/12/2019 11:04,99,  ,0,85,100,40,170,  ,  ,  ,-1, 
9/12/2019 11:04,97,  ,0,85,100,40,170,  ,  ,  ,-1, 
9/12/2019 11:04,90,  ,0,85,100,40,170,  ,  ,  ,-1, 
9/12/2019 11:04,93,  ,212,85,100,40,170,  ,  ,  ,-1, 
9/12/2019 11:04,97,  ,184,85,100,40,170,  ,  ,  ,-1, 
9/12/2019 11:04,90,  ,147,85,100,40,170,  ,  ,  ,-1, Interference
9/12/2019 11:04,92,  ,141,85,100,40,170,  ,  ,  ,-1, 
9/12/2019 11:04,90,65,141,85,100,40,170,  ,  ,  ,-1, 
9/12/2019 11:04,93,81,111,85,100,40,170,  ,  ,  ,-1, 
9/12/2019 11:04,91,76,53,85,100,40,170,  ,  ,  ,-1, 
9/12/2019 11:04,97,74,55,85,100,40,170,  ,  ,  ,-1, 
9/12/2019 11:04,95,73,55,85,100,40,170,  ,  ,  ,-1, 
9/12/2019 11:04,96,72,51,85,100,40,170,  ,  ,  ,-1, 
9/12/2019 11:04,99,70,51,85,100,40,170,  ,  ,  ,-1, 
9/12/2019 11:04,100,70,51,85,100,40,170,  ,  ,  ,-1, 
9/12/2019 11:04,94,70,49,85,100,40,170,  ,  ,  ,-1, 
9/12/2019 11:04,99,71,49,85,100,40,170,  ,  ,  ,-1, 
9/12/2019 11:04,91,72,44,85,100,40,170,  ,  ,  ,-1, 
9/12/2019 11:04,90,74,44,85,100,40,170,  ,  ,  ,-1, 
9/12/2019 11:04,96,75,35,85,100,40,170,  ,  ,  ,-1, 
9/12/2019 11:04,100,77,31,85,100,40,170,  ,  ,  ,-1, 
9/12/2019 11:04,100,77,29,85,100,40,170,  ,  ,  ,-1, 
9/12/2019 11:04,95,76,29,85,100,40,170,  ,  ,  ,-1, 
9/12/2019 11:04,91,76,31,85,100,40,170,  ,  ,  ,-1, 
9/12/2019 11:04,98,76,31,85,100,40,170,  ,  ,  ,-1, 
9/12/2019 11:04,99,76,29,85,100,40,170,  ,  ,  ,-1, 
9/12/2019 11:04,96,76,29,85,100,40,170,  ,  ,  ,-1, 
9/12/2019 11:04,100,76,31,85,100,40,170,  ,  ,  ,-1, 
9/12/2019 11:04,93,77,35,85,100,40,170,  ,  ,  ,-1, 
9/12/2019 11:04,92,76,35,85,100,40,170,  ,  ,  ,-1, 
9/12/2019 11:04,99,74,34,85,100,40,170,  ,  ,  ,-1, 
9/12/2019 11:05,99,73,33,85,100,40,170,  ,  ,  ,-1, 
9/12/2019 11:05,97,73,33,85,100,40,170,  ,  ,  ,-1, 
9/12/2019 11:05,98,73,30,85,100,40,170,  ,  ,  ,-1, 
9/12/2019 11:05,91,73,79,85,100,40,170,  ,  ,  ,-1, Interference
9/12/2019 11:05,94,73,137,85,100,40,170,  ,  ,  ,-1, 
9/12/2019 11:05,94,72,138,85,100,40,170,  ,  ,  ,-1, 
9/12/2019 11:05,92,73,32,85,100,40,170,  ,  ,  ,-1, 
9/12/2019 11:05,97,73,34,85,100,40,170,  ,  ,  ,-1, 
9/12/2019 11:05,95,72,36,85,100,40,170,  ,  ,  ,-1, 
9/12/2019 11:05,91,72,36,85,100,40,170,  ,  ,  ,-1, 
9/12/2019 11:05,98,72,34,85,100,40,170,  ,  ,  ,-1, 
9/12/2019 11:05,97,71,51,85,100,40,170,  ,  ,  ,-1, 
9/12/2019 11:05,96,71,51,85,100,40,170,  ,  ,  ,-1, 
9/12/2019 11:05,91,70,69,85,100,40,170,  ,  ,  ,-1, 
9/12/2019 11:05,94,70,95,85,100,40,170,  ,  ,  ,-1, 
9/12/2019 11:05,90,70,80,85,100,40,170,  ,  ,  ,-1, 
9/12/2019 11:05,92,70,74,85,100,40,170,  ,  ,  ,-1, 
9/12/2019 11:05,95,70,82,85,100,40,170,  ,  ,  ,-1, 
9/12/2019 11:05,92,69,83,85,100,40,170,  ,  ,  ,-1, 
9/12/2019 11:05,90,69,75,85,100,40,170,  ,  ,  ,-1, 
9/12/2019 11:05,96,69,85,85,100,40,170,  ,  ,  ,-1, 
9/12/2019 11:05,93,68,86,85,100,40,170,  ,  ,  ,-1, 
9/12/2019 11:05,94,68,86,85,100,40,170,  ,  ,  ,-1, 
9/12/2019 11:05,95,69,87,85,100,40,170,  ,  ,  ,-1, 
9/12/2019 11:05,92,70,64,85,100,40,170,  ,  ,  ,-1, 
9/12/2019 11:05,90,70,61,85,100,40,170,  ,  ,  ,-1, 
9/12/2019 11:05,99,71,60,85,100,40,170,  ,  ,  ,-1, 
9/12/2019 11:05,92,70,60,85,100,40,170,  ,  ,  ,-1, 
9/12/2019 11:05,91,70,70,85,100,40,170,  ,  ,  ,-1, 
9/12/2019 11:05,99,69,77,85,100,40,170,  ,  ,  ,-1, 
9/12/2019 11:05,98,68,79,85,100,40,170,  ,  ,  ,-1, 
9/12/2019 11:05,100,68,68,85,100,40,170,  ,  ,  ,-1, 
9/12/2019 11:05,100,68,70,85,100,40,170,  ,  ,  ,-1, 
9/12/2019 11:05,97,67,66,85,100,40,170,  ,  ,  ,-1, 
9/12/2019 11:05,98,67,58,85,100,40,170,  ,  ,  ,-1, 
9/12/2019 11:05,90,67,62,85,100,40,170,  ,  ,  ,-1, 
9/12/2019 11:05,94,67,64,85,100,40,170,  ,  ,  ,-1, 
9/12/2019 11:05,100,67,60,85,100,40,170,  ,  ,  ,-1, 
9/12/2019 11:05,90,66,60,85,100,40,170,  ,  ,  ,-1, 
9/12/2019 11:05,95,65,62,85,100,40,170,  ,  ,  ,-1, 
9/12/2019 11:05,92,65,62,85,100,40,170,  ,  ,  ,-1, 
9/12/2019 11:05,96,65,78,85,100,40,170,  ,  ,  ,-1, 
9/12/2019 11:05,91,65,92,85,100,40,170,  ,  ,  ,-1, 
9/12/2019 11:05,100,66,101,85,100,40,170,  ,  ,  ,-1, 
9/12/2019 11:05,98,68,161,85,100,40,170,  ,  ,  ,-1, 
9/12/2019 11:05,96,69,125,85,100,40,170,  ,  ,  ,-1, 
9/12/2019 11:05,92,70,65,85,100,40,170,  ,  ,  ,-1, 
9/12/2019 11:05,98,72,58,85,100,40,170,  ,  ,  ,-1, 
9/12/2019 11:05,100,74,53,85,100,40,170,  ,  ,  ,-1, 
9/12/2019 11:05,93,75,36,85,100,40,170,  ,  ,  ,-1, 
9/12/2019 11:05,98,76,33,85,100,40,170,  ,  ,  ,-1, 
9/12/2019 11:05,99,76,33,85,100,40,170,  ,  ,  ,-1, 
9/12/2019 11:05,97,76,34,85,100,40,170,  ,  ,  ,-1, 
9/12/2019 11:05,93,77,34,85,100,40,170,  ,  ,  ,-1, 
9/12/2019 11:05,93,77,33,85,100,40,170,  ,  ,  ,-1, 
9/12/2019 11:05,96,77,32,85,100,40,170,  ,  ,  ,-1, 
9/12/2019 11:05,99,76,32,85,100,40,170,  ,  ,  ,-1, 
9/12/2019 11:05,96,76,40,85,100,40,170,  ,  ,  ,-1, 
9/12/2019 11:05,99,75,40,85,100,40,170,  ,  ,  ,-1, 
9/12/2019 11:05,95,74,35,85,100,40,170,  ,  ,  ,-1, 
9/12/2019 11:06,95,74,36,85,100,40,170,  ,  ,  ,-1, 
9/12/2019 11:06,95,73,36,85,100,40,170,  ,  ,  ,-1, 
9/12/2019 11:06,100,73,62,85,100,40,170,  ,  ,  ,-1, 
9/12/2019 11:06,99,72,74,85,100,40,170,  ,  ,  ,-1, 
9/12/2019 11:06,94,72,74,85,100,40,170,  ,  ,  ,-1, 
9/12/2019 11:06,100,71,71,85,100,40,170,  ,  ,  ,-1, 
9/12/2019 11:06,92,70,42,85,100,40,170,  ,  ,  ,-1, 
9/12/2019 11:06,97,70,41,85,100,40,170,  ,  ,  ,-1, 
9/12/2019 11:06,98,70,39,85,100,40,170,  ,  ,  ,-1, 
9/12/2019 11:06,90,72,37,85,100,40,170,  ,  ,  ,-1, 
9/12/2019 11:06,99,71,33,85,100,40,170,  ,  ,  ,-1, 
9/12/2019 11:06,98,71,33,85,100,40,170,  ,  ,  ,-1, 
9/12/2019 11:06,97,70,32,85,100,40,170,  ,  ,  ,-1, 
9/12/2019 11:06,97,70,34,85,100,40,170,  ,  ,  ,-1, 
9/12/2019 11:06,96,70,34,85,100,40,170,  ,  ,  ,-1, 
9/12/2019 11:06,91,70,38,85,100,40,170,  ,  ,  ,-1, 
9/12/2019 11:06,99,70,38,85,100,40,170,  ,  ,  ,-1, 
9/12/2019 11:06,100,70,36,85,100,40,170,  ,  ,  ,-1, 
9/12/2019 11:06,97,70,33,85,100,40,170,  ,  ,  ,-1, 
9/12/2019 11:06,94,70,34,85,100,40,170,  ,  ,  ,-1, 
9/12/2019 11:06,91,69,37,85,100,40,170,  ,  ,  ,-1, 
9/12/2019 11:06,92,70,37,85,100,40,170,  ,  ,  ,-1, 
9/12/2019 11:06,99,70,32,85,100,40,170,  ,  ,  ,-1, 
9/12/2019 11:06,96,71,32,85,100,40,170,  ,  ,  ,-1, 
9/12/2019 11:06,93,74,41,85,100,40,170,  ,  ,  ,-1, 
9/12/2019 11:06,98,75,70,85,100,40,170,  ,  ,  ,-1, Interference
9/12/2019 11:06,96,75,86,85,100,40,170,  ,  ,  ,-1, 
9/12/2019 11:06,100,76,86,85,100,40,170,  ,  ,  ,-1, 
9/12/2019 11:06,90,75,39,85,100,40,170,  ,  ,  ,-1, 
9/12/2019 11:06,92,74,36,85,100,40,170,  ,  ,  ,-1, 
9/12/2019 11:06,90,73,28,85,100,40,170,  ,  ,  ,-1, 
9/12/2019 11:06,96,72,29,85,100,40,170,  ,  ,  ,-1, 
9/12/2019 11:06,92,73,29,85,100,40,170,  ,  ,  ,-1, 
9/12/2019 11:06,92,73,35,85,100,40,170,  ,  ,  ,-1, 
9/12/2019 11:06,96,72,38,85,100,40,170,  ,  ,  ,-1, 
9/12/2019 11:06,92,72,38,85,100,40,170,  ,  ,  ,-1, 
9/12/2019 11:06,93,72,33,85,100,40,170,  ,  ,  ,-1, 
9/12/2019 11:06,98,71,25,85,100,40,170,  ,  ,  ,-1, 
9/12/2019 11:06,96,70,25,85,100,40,170,  ,  ,  ,-1, 
9/12/2019 11:06,92,70,26,85,100,40,170,  ,  ,  ,-1, 
9/12/2019 11:06,93,70,27,85,100,40,170,  ,  ,  ,-1, 
9/12/2019 11:06,97,70,111,85,100,40,170,  ,  ,  ,-1, 
9/12/2019 11:06,94,70,113,85,100,40,170,  ,  ,  ,-1, 
9/12/2019 11:06,99,69,14,85,100,40,170,  ,  ,  ,-1, Interference
9/12/2019 11:06,92,70,32,85,100,40,170,  ,  ,  ,-1, 
9/12/2019 11:06,95,70,35,85,100,40,170,  ,  ,  ,-1, 
9/12/2019 11:06,94,70,35,85,100,40,170,  ,  ,  ,-1, 
9/12/2019 11:06,100,69,34,85,100,40,170,  ,  ,  ,-1, 
9/12/2019 11:06,93,69,34,85,100,40,170,  ,  ,  ,-1, 
9/12/2019 11:06,93,69,31,85,100,40,170,  ,  ,  ,-1, 
9/12/2019 11:06,92,68,27,85,100,40,170,  ,  ,  ,-1, 
9/12/2019 11:06,90,69,44,85,100,40,170,  ,  ,  ,-1, 
9/12/2019 11:06,97,69,60,85,100,40,170,  ,  ,  ,-1, 
9/12/2019 11:06,98,69,61,85,100,40,170,  ,  ,  ,-1, 
9/12/2019 11:06,94,68,36,85,100,40,170,  ,  ,  ,-1, 
9/12/2019 11:06,90,68,35,85,100,40,170,  ,  ,  ,-1, 
9/12/2019 11:06,100,68,35,85,100,40,170,  ,  ,  ,-1, 
9/12/2019 11:06,94,67,35,85,100,40,170,  ,  ,  ,-1, 
9/12/2019 11:06,96,68,36,85,100,40,170,  ,  ,  ,-1, 
9/12/2019 11:06,93,68,35,85,100,40,170,  ,  ,  ,-1, 
9/12/2019 11:07,90,69,35,85,100,40,170,  ,  ,  ,-1, 
9/12/2019 11:07,96,70,36,85,100,40,170,  ,  ,  ,-1, 
9/12/2019 11:07,90,70,44,85,100,40,170,  ,  ,  ,-1, 
9/12/2019 11:07,98,68,45,85,100,40,170,  ,  ,  ,-1, 
9/12/2019 11:07,93,68,40,85,100,40,170,  ,  ,  ,-1, 
9/12/2019 11:07,96,67,31,85,100,40,170,  ,  ,  ,-1, 
9/12/2019 11:07,95,68,38,85,100,40,170,  ,  ,  ,-1, 
9/12/2019 11:07,90,68,49,85,100,40,170,  ,  ,  ,-1, 
9/12/2019 11:07,98,68,92,85,100,40,170,  ,  ,  ,-1, Interference
9/12/2019 11:07,99,69,102,85,100,40,170,  ,  ,  ,-1, 
9/12/2019 11:07,92,70,52,85,100,40,170,  ,  ,  ,-1, 
9/12/2019 11:07,99,71,34,85,100,40,170,  ,  ,  ,-1, 
9/12/2019 11:07,98,73,30,85,100,40,170,  ,  ,  ,-1, 
9/12/2019 11:07,94,74,27,85,100,40,170,  ,  ,  ,-1, 
9/12/2019 11:07,91,76,28,85,100,40,170,  ,  ,  ,-1, 
9/12/2019 11:07,91,77,25,85,100,40,170,  ,  ,  ,-1, 
9/12/2019 11:07,91,77,24,85,100,40,170,  ,  ,  ,-1, 
9/12/2019 11:07,94,76,24,85,100,40,170,  ,  ,  ,-1, 
9/12/2019 11:07,90,76,23,85,100,40,170,  ,  ,  ,-1, 
9/12/2019 11:07,94,75,23,85,100,40,170,  ,  ,  ,-1, 
9/12/2019 11:07,98,75,23,85,100,40,170,  ,  ,  ,-1, 
9/12/2019 11:07,100,75,27,85,100,40,170,  ,  ,  ,-1, 
9/12/2019 11:07,100,76,31,85,100,40,170,  ,  ,  ,-1, 
9/12/2019 11:07,91,76,33,85,100,40,170,  ,  ,  ,-1, 
9/12/2019 11:07,97,77,39,85,100,40,170,  ,  ,  ,-1, 
9/12/2019 11:07,97,78,34,85,100,40,170,  ,  ,  ,-1, 
9/12/2019 11:07,92,78,26,85,100,40,170,  ,  ,  ,-1, 
9/12/2019 11:07,93,78,27,85,100,40,170,  ,  ,  ,-1, 
9/12/2019 11:07,93,77,27,85,100,40,170,  ,  ,  ,-1, 
9/12/2019 11:07,98,76,27,85,100,40,170,  ,  ,  ,-1, 
9/12/2019 11:07,99,75,26,85,100,40,170,  ,  ,  ,-1, 
9/12/2019 11:07,100,75,28,85,100,40,170,  ,  ,  ,-1, 
9/12/2019 11:07,92,75,28,85,100,40,170,  ,  ,  ,-1, 
9/12/2019 11:07,94,75,29,85,100,40,170,  ,  ,  ,-1, 
9/12/2019 11:07,91,74,30,85,100,40,170,  ,  ,  ,-1, 
9/12/2019 11:07,96,73,30,85,100,40,170,  ,  ,  ,-1, 
9/12/2019 11:07,97,72,32,85,100,40,170,  ,  ,  ,-1, 
9/12/2019 11:07,91,72,33,85,100,40,170,  ,  ,  ,-1, 
9/12/2019 11:07,90,72,35,85,100,40,170,  ,  ,  ,-1, 
9/12/2019 11:07,96,72,35,85,100,40,170,  ,  ,  ,-1, 
9/12/2019 11:07,96,72,39,85,100,40,170,  ,  ,  ,-1, 
9/12/2019 11:07,93,72,42,85,100,40,170,  ,  ,  ,-1, 
9/12/2019 11:07,99,72,42,85,100,40,170,  ,  ,  ,-1, 
9/12/2019 11:07,93,71,33,85,100,40,170,  ,  ,  ,-1, 
9/12/2019 11:07,91,70,33,85,100,40,170,  ,  ,  ,-1, 
9/12/2019 11:07,96,69,34,85,100,40,170,  ,  ,  ,-1, 
9/12/2019 11:07,93,69,34,85,100,40,170,  ,  ,  ,-1, 
9/12/2019 11:07,98,68,34,85,100,40,170,  ,  ,  ,-1, 
9/12/2019 11:07,99,68,38,85,100,40,170,  ,  ,  ,-1, 
9/12/2019 11:07,98,68,38,85,100,40,170,  ,  ,  ,-1, 
9/12/2019 11:07,94,68,39,85,100,40,170,  ,  ,  ,-1, 
9/12/2019 11:07,99,67,39,85,100,40,170,  ,  ,  ,-1, 
9/12/2019 11:07,90,67,42,85,100,40,170,  ,  ,  ,-1, 
9/12/2019 11:07,93,68,42,85,100,40,170,  ,  ,  ,-1, 
9/12/2019 11:07,94,68,45,85,100,40,170,  ,  ,  ,-1, 
9/12/2019 11:07,93,67,48,85,100,40,170,  ,  ,  ,-1, 
9/12/2019 11:07,99,67,48,85,100,40,170,  ,  ,  ,-1, 
9/12/2019 11:07,97,68,47,85,100,40,170,  ,  ,  ,-1, 
9/12/2019 11:07,99,68,47,85,100,40,170,  ,  ,  ,-1, 
9/12/2019 11:07,95,68,46,85,100,40,170,  ,  ,  ,-1, 
9/12/2019 11:08,91,69,45,85,100,40,170,  ,  ,  ,-1, 
9/12/2019 11:08,99,69,40,85,100,40,170,  ,  ,  ,-1, 
9/12/2019 11:08,94,70,40,85,100,40,170,  ,  ,  ,-1, 
9/12/2019 11:08,98,71,40,85,100,40,170,  ,  ,  ,-1, 
9/12/2019 11:08,92,71,37,85,100,40,170,  ,  ,  ,-1, 
9/12/2019 11:08,100,70,38,85,100,40,170,  ,  ,  ,-1, 
9/12/2019 11:08,99,69,39,85,100,40,170,  ,  ,  ,-1, 
9/12/2019 11:08,91,68,39,85,100,40,170,  ,  ,  ,-1, 
9/12/2019 11:08,97,68,38,85,100,40,170,  ,  ,  ,-1, 
9/12/2019 11:08,98,68,41,85,100,40,170,  ,  ,  ,-1, 
9/12/2019 11:08,91,69,56,85,100,40,170,  ,  ,  ,-1, 
9/12/2019 11:08,96,70,56,85,100,40,170,  ,  ,  ,-1, 
9/12/2019 11:08,91,70,47,85,100,40,170,  ,  ,  ,-1, 
9/12/2019 11:08,90,70,50,85,100,40,170,  ,  ,  ,-1, 
9/12/2019 11:08,90,70,50,85,100,40,170,  ,  ,  ,-1, 
9/12/2019 11:08,90,69,42,85,100,40,170,  ,  ,  ,-1, 
9/12/2019 11:08,91,69,37,85,100,40,170,  ,  ,  ,-1, 
9/12/2019 11:08,100,68,36,85,100,40,170,  ,  ,  ,-1, 
9/12/2019 11:08,98,68,36,85,100,40,170,  ,  ,  ,-1, 
9/12/2019 11:08,98,69,39,85,100,40,170,  ,  ,  ,-1, 
9/12/2019 11:08,90,69,42,85,100,40,170,  ,  ,  ,-1, 
9/12/2019 11:08,92,69,48,85,100,40,170,  ,  ,  ,-1, 
9/12/2019 11:08,96,68,48,85,100,40,170,  ,  ,  ,-1, 
9/12/2019 11:08,99,68,42,85,100,40,170,  ,  ,  ,-1, 
9/12/2019 11:08,93,67,40,85,100,40,170,  ,  ,  ,-1, 
9/12/2019 11:08,92,66,41,85,100,40,170,  ,  ,  ,-1, 
9/12/2019 11:08,92,67,41,85,100,40,170,  ,  ,  ,-1, 
9/12/2019 11:08,95,67,66,85,100,40,170,  ,  ,  ,-1, 
9/12/2019 11:08,92,67,67,85,100,40,170,  ,  ,  ,-1, 
9/12/2019 11:08,93,67,66,85,100,40,170,  ,  ,  ,-1, 
9/12/2019 11:08,97,67,53,85,100,40,170,  ,  ,  ,-1, 
9/12/2019 11:08,99,67,48,85,100,40,170,  ,  ,  ,-1, 
9/12/2019 11:08,96,66,57,85,100,40,170,  ,  ,  ,-1, 
9/12/2019 11:08,97,66,58,85,100,40,170,  ,  ,  ,-1, 
9/12/2019 11:08,96,67,57,85,100,40,170,  ,  ,  ,-1, 
9/12/2019 11:08,95,68,55,85,100,40,170,  ,  ,  ,-1, 
9/12/2019 11:08,100,68,57,85,100,40,170,  ,  ,  ,-1, 
9/12/2019 11:08,90,69,59,85,100,40,170,  ,  ,  ,-1, 
9/12/2019 11:08,97,69,59,85,100,40,170,  ,  ,  ,-1, 
9/12/2019 11:08,96,69,58,85,100,40,170,  ,  ,  ,-1, 
9/12/2019 11:08,98,69,58,85,100,40,170,  ,  ,  ,-1, 
9/12/2019 11:08,91,69,57,85,100,40,170,  ,  ,  ,-1, 
9/12/2019 11:08,98,70,57,85,100,40,170,  ,  ,  ,-1, 
9/12/2019 11:08,95,70,60,85,100,40,170,  ,  ,  ,-1, 
9/12/2019 11:08,99,70,62,85,100,40,170,  ,  ,  ,-1, 
9/12/2019 11:08,91,70,56,85,100,40,170,  ,  ,  ,-1, 
9/12/2019 11:08,96,70,55,85,100,40,170,  ,  ,  ,-1, 
9/12/2019 11:08,95,70,63,85,100,40,170,  ,  ,  ,-1, 
9/12/2019 11:08,95,70,65,85,100,40,170,  ,  ,  ,-1, 
9/12/2019 11:08,94,71,54,85,100,40,170,  ,  ,  ,-1, 
9/12/2019 11:08,94,71,56,85,100,40,170,  ,  ,  ,-1, 
9/12/2019 11:08,92,71,56,85,100,40,170,  ,  ,  ,-1, 
9/12/2019 11:08,90,71,54,85,100,40,170,  ,  ,  ,-1, 
9/12/2019 11:08,100,72,55,85,100,40,170,  ,  ,  ,-1, 
9/12/2019 11:08,90,71,54,85,100,40,170,  ,  ,  ,-1, 
9/12/2019 11:08,92,72,52,85,100,40,170,  ,  ,  ,-1, 
9/12/2019 11:08,99,72,56,85,100,40,170,  ,  ,  ,-1, 
9/12/2019 11:08,97,72,61,85,100,40,170,  ,  ,  ,-1, 
9/12/2019 11:08,97,73,63,85,100,40,170,  ,  ,  ,-1, 
9/12/2019 11:08,94,74,59,85,100,40,170,  ,  ,  ,-1, 
9/12/2019 11:09,95,75,59,85,100,40,170,  ,  ,  ,-1, 
9/12/2019 11:09,93,76,62,85,100,40,170,  ,  ,  ,-1, 
9/12/2019 11:09,90,75,58,85,100,40,170,  ,  ,  ,-1, 
9/12/2019 11:09,90,75,51,85,100,40,170,  ,  ,  ,-1, 
9/12/2019 11:09,99,73,44,85,100,40,170,  ,  ,  ,-1, 
9/12/2019 11:09,99,72,48,85,100,40,170,  ,  ,  ,-1, 
9/12/2019 11:09,99,71,47,85,100,40,170,  ,  ,  ,-1, 
9/12/2019 11:09,92,70,43,85,100,40,170,  ,  ,  ,-1, 
9/12/2019 11:09,92,70,47,85,100,40,170,  ,  ,  ,-1, 
9/12/2019 11:09,96,69,52,85,100,40,170,  ,  ,  ,-1, 
9/12/2019 11:09,94,69,54,85,100,40,170,  ,  ,  ,-1, 
9/12/2019 11:09,96,69,87,85,100,40,170,  ,  ,  ,-1, 
9/12/2019 11:09,90,69,116,85,100,40,170,  ,  ,  ,-1, 
9/12/2019 11:09,95,69,116,85,100,40,170,  ,  ,  ,-1, 
9/12/2019 11:09,95,69,110,85,100,40,170,  ,  ,  ,-1, 
9/12/2019 11:09,95,69,49,85,100,40,170,  ,  ,  ,-1, Interference
9/12/2019 11:09,99,69,89,85,100,40,170,  ,  ,  ,-1, 
9/12/2019 11:09,96,69,207,85,100,40,170,  ,  ,  ,-1, 
9/12/2019 11:09,93,69,207,85,100,40,170,  ,  ,  ,-1, 
9/12/2019 11:09,94,69,167,85,100,40,170,  ,  ,  ,-1, 
9/12/2019 11:09,90,69,204,85,100,40,170,  ,  ,  ,-1, 
9/12/2019 11:09,94,69,204,85,100,40,170,  ,  ,  ,-1, 
9/12/2019 11:09,94,69,110,85,100,40,170,  ,  ,  ,-1, 
9/12/2019 11:09,99,69,88,85,100,40,170,  ,  ,  ,-1, 
9/12/2019 11:09,92,70,103,85,100,40,170,  ,  ,  ,-1, 
9/12/2019 11:09,93,69,103,85,100,40,170,  ,  ,  ,-1, 
9/12/2019 11:09,91,69,166,85,100,40,170,  ,  ,  ,-1, 
9/12/2019 11:09,98,69,166,85,100,40,170,  ,  ,  ,-1, 
9/12/2019 11:09,94,69,12,85,100,40,170,  ,  ,  ,-1, Interference
9/12/2019 11:09,93,68,184,85,100,40,170,  ,  ,  ,-1, 
9/12/2019 11:09,90,68,208,85,100,40,170,  ,  ,  ,-1, 
9/12/2019 11:09,97,68,208,85,100,40,170,  ,  ,  ,-1, 
9/12/2019 11:09,91,68,68,85,100,40,170,  ,  ,  ,-1, 
9/12/2019 11:09,93,68,68,85,100,40,170,  ,  ,  ,-1, 
9/12/2019 11:09,96,68,61,85,100,40,170,  ,  ,  ,-1, 
9/12/2019 11:09,97,68,49,85,100,40,170,  ,  ,  ,-1, 
9/12/2019 11:09,92,67,49,85,100,40,170,  ,  ,  ,-1, 
9/12/2019 11:09,94,67,45,85,100,40,170,  ,  ,  ,-1, 
9/12/2019 11:09,98,67,226,85,100,40,170,  ,  ,  ,-1, 
9/12/2019 11:09,96,67,227,85,100,40,170,  ,  ,  ,-1, Interference
9/12/2019 11:09,92,69,182,85,100,40,170,  ,  ,  ,-1, 
9/12/2019 11:09,97,70,97,85,100,40,170,  ,  ,  ,-1, 
9/12/2019 11:09,93,70,255,85,100,40,170,  ,  ,  ,-1, 
9/12/2019 11:09,96,71,255,85,100,40,170,  ,  ,  ,-1, 
9/12/2019 11:09,90,72,62,85,100,40,170,  ,  ,  ,-1, 
9/12/2019 11:09,90,73,52,85,100,40,170,  ,  ,  ,-1, 
9/12/2019 11:09,98,74,47,85,100,40,170,  ,  ,  ,-1, Interference
9/12/2019 11:09,100,76,85,85,100,40,170,  ,  ,  ,-1, 
9/12/2019 11:09,94,76,86,85,100,40,170,  ,  ,  ,-1, 
9/12/2019 11:09,90,76,74,85,100,40,170,  ,  ,  ,-1, 
9/12/2019 11:09,94,78,36,85,100,40,170,  ,  ,  ,-1, Interference
9/12/2019 11:09,98,79,36,85,100,40,170,  ,  ,  ,-1, 
9/12/2019 11:09,97,80,36,85,100,40,170,  ,  ,  ,-1, 
9/12/2019 11:09,95,81,38,85,100,40,170,  ,  ,  ,-1, 
9/12/2019 11:09,98,81,43,85,100,40,170,  ,  ,  ,-1, 
9/12/2019 11:09,96,81,72,85,100,40,170,  ,  ,  ,-1, 
9/12/2019 11:09,96,82,84,85,100,40,170,  ,  ,  ,-1, 
9/12/2019 11:09,96,81,84,85,100,40,170,  ,  ,  ,-1, 
9/12/2019 11:09,96,81,70,85,100,40,170,  ,  ,  ,-1, 
9/12/2019 11:09,90,81,68,85,100,40,170,  ,  ,  ,-1, 
9/12/2019 11:10,91,81,39,85,100,40,170,  ,  ,  ,-1, 
9/12/2019 11:10,92,82,62,85,100,40,170,  ,  ,  ,-1, 
9/12/2019 11:10,92,82,63,85,100,40,170,  ,  ,  ,-1, 
9/12/2019 11:10,94,81,54,85,100,40,170,  ,  ,  ,-1, 
9/12/2019 11:10,97,81,95,85,100,40,170,  ,  ,  ,-1, 
9/12/2019 11:10,96,81,152,85,100,40,170,  ,  ,  ,-1, 
9/12/2019 11:10,94,82,154,85,100,40,170,  ,  ,  ,-1, 
9/12/2019 11:10,90,81,86,85,100,40,170,  ,  ,  ,-1, 
9/12/2019 11:10,92,80,65,85,100,40,170,  ,  ,  ,-1, 
9/12/2019 11:10,100,80,46,85,100,40,170,  ,  ,  ,-1, 
9/12/2019 11:10,93,81,46,85,100,40,170,  ,  ,  ,-1, 
9/12/2019 11:10,93,81,55,85,100,40,170,  ,  ,  ,-1, 
9/12/2019 11:10,91,81,56,85,100,40,170,  ,  ,  ,-1, 
9/12/2019 11:10,93,81,48,85,100,40,170,  ,  ,  ,-1, 
9/12/2019 11:10,91,80,48,85,100,40,170,  ,  ,  ,-1, 
9/12/2019 11:10,97,80,46,85,100,40,170,  ,  ,  ,-1, 
9/12/2019 11:10,100,79,46,85,100,40,170,  ,  ,  ,-1, 
9/12/2019 11:10,96,79,46,85,100,40,170,  ,  ,  ,-1, 
9/12/2019 11:10,92,78,47,85,100,40,170,  ,  ,  ,-1, 
9/12/2019 11:10,100,78,47,85,100,40,170,  ,  ,  ,-1, 
9/12/2019 11:10,95,77,46,85,100,40,170,  ,  ,  ,-1, 
9/12/2019 11:10,98,77,49,85,100,40,170,  ,  ,  ,-1, 
9/12/2019 11:10,90,77,50,85,100,40,170,  ,  ,  ,-1, 
9/12/2019 11:10,95,77,48,85,100,40,170,  ,  ,  ,-1, 
9/12/2019 11:10,98,76,53,85,100,40,170,  ,  ,  ,-1, 
9/12/2019 11:10,90,75,54,85,100,40,170,  ,  ,  ,-1, 
9/12/2019 11:10,98,75,50,85,100,40,170,  ,  ,  ,-1, 
9/12/2019 11:10,91,74,46,85,100,40,170,  ,  ,  ,-1, 
9/12/2019 11:10,97,74,45,85,100,40,170,  ,  ,  ,-1, 
9/12/2019 11:10,94,73,42,85,100,40,170,  ,  ,  ,-1, 
9/12/2019 11:10,99,73,39,85,100,40,170,  ,  ,  ,-1, 
9/12/2019 11:10,93,73,39,85,100,40,170,  ,  ,  ,-1, 
9/12/2019 11:10,97,73,40,85,100,40,170,  ,  ,  ,-1, 
9/12/2019 11:10,93,73,40,85,100,40,170,  ,  ,  ,-1, 
9/12/2019 11:10,97,73,39,85,100,40,170,  ,  ,  ,-1, 
9/12/2019 11:10,99,73,40,85,100,40,170,  ,  ,  ,-1, 
9/12/2019 11:10,100,72,40,85,100,40,170,  ,  ,  ,-1, 
9/12/2019 11:10,97,73,40,85,100,40,170,  ,  ,  ,-1, 
9/12/2019 11:10,91,73,39,85,100,40,170,  ,  ,  ,-1, 
9/12/2019 11:10,90,72,42,85,100,40,170,  ,  ,  ,-1, 
9/12/2019 11:10,93,73,44,85,100,40,170,  ,  ,  ,-1, 
9/12/2019 11:10,92,73,40,85,100,40,170,  ,  ,  ,-1, 
9/12/2019 11:10,94,72,43,85,100,40,170,  ,  ,  ,-1, 
9/12/2019 11:10,92,73,40,85,100,40,170,  ,  ,  ,-1, 
9/12/2019 11:10,93,72,40,85,100,40,170,  ,  ,  ,-1, 
9/12/2019 11:10,98,71,41,85,100,40,170,  ,  ,  ,-1, 
9/12/2019 11:10,93,71,41,85,100,40,170,  ,  ,  ,-1, 
9/12/2019 11:10,99,71,44,85,100,40,170,  ,  ,  ,-1, 
9/12/2019 11:10,97,70,45,85,100,40,170,  ,  ,  ,-1, 
9/12/2019 11:10,94,70,45,85,100,40,170,  ,  ,  ,-1, 
9/12/2019 11:10,94,70,45,85,100,40,170,  ,  ,  ,-1, 
9/12/2019 11:10,97,70,49,85,100,40,170,  ,  ,  ,-1, 
9/12/2019 11:10,90,69,49,85,100,40,170,  ,  ,  ,-1, 
9/12/2019 11:10,90,69,50,85,100,40,170,  ,  ,  ,-1, 
9/12/2019 11:10,97,68,52,85,100,40,170,  ,  ,  ,-1, 
9/12/2019 11:10,94,68,52,85,100,40,170,  ,  ,  ,-1, 
9/12/2019 11:10,93,68,52,85,100,40,170,  ,  ,  ,-1, 
9/12/2019 11:10,90,67,57,85,100,40,170,  ,  ,  ,-1, 
9/12/2019 11:10,90,67,58,85,100,40,170,  ,  ,  ,-1, 
9/12/2019 11:10,96,67,58,85,100,40,170,  ,  ,  ,-1, 
9/12/2019 11:11,92,67,59,85,100,40,170,  ,  ,  ,-1, 
9/12/2019 11:11,98,67,59,85,100,40,170,  ,  ,  ,-1, 
9/12/2019 11:11,90,66,57,85,100,40,170,  ,  ,  ,-1, 
9/12/2019 11:11,98,66,62,85,100,40,170,  ,  ,  ,-1, 
9/12/2019 11:11,98,66,62,85,100,40,170,  ,  ,  ,-1, 
9/12/2019 11:11,90,66,66,85,100,40,170,  ,  ,  ,-1, 
9/12/2019 11:11,95,66,66,85,100,40,170,  ,  ,  ,-1, 
9/12/2019 11:11,97,66,66,85,100,40,170,  ,  ,  ,-1, 
9/12/2019 11:11,91,66,65,85,100,40,170,  ,  ,  ,-1, 
9/12/2019 11:11,98,66,67,85,100,40,170,  ,  ,  ,-1, 
9/12/2019 11:11,96,66,67,85,100,40,170,  ,  ,  ,-1, 
9/12/2019 11:11,91,66,65,85,100,40,170,  ,  ,  ,-1, 
9/12/2019 11:11,92,66,70,85,100,40,170,  ,  ,  ,-1, 
9/12/2019 11:11,98,66,70,85,100,40,170,  ,  ,  ,-1, 
9/12/2019 11:11,98,66,69,85,100,40,170,  ,  ,  ,-1, 
9/12/2019 11:11,94,66,69,85,100,40,170,  ,  ,  ,-1, 
9/12/2019 11:11,94,66,65,85,100,40,170,  ,  ,  ,-1, 
9/12/2019 11:11,91,66,64,85,100,40,170,  ,  ,  ,-1, 
9/12/2019 11:11,100,66,64,85,100,40,170,  ,  ,  ,-1, 
9/12/2019 11:11,90,66,63,85,100,40,170,  ,  ,  ,-1, 
9/12/2019 11:11,95,66,62,85,100,40,170,  ,  ,  ,-1, 
9/12/2019 11:11,99,66,69,85,100,40,170,  ,  ,  ,-1, 
9/12/2019 11:11,96,66,69,85,100,40,170,  ,  ,  ,-1, 
9/12/2019 11:11,91,66,68,85,100,40,170,  ,  ,  ,-1, 
9/12/2019 11:11,93,66,66,85,100,40,170,  ,  ,  ,-1, 
9/12/2019 11:11,96,66,66,85,100,40,170,  ,  ,  ,-1, 
9/12/2019 11:11,95,66,63,85,100,40,170,  ,  ,  ,-1, 
9/12/2019 11:11,97,66,68,85,100,40,170,  ,  ,  ,-1, 
9/12/2019 11:11,91,66,68,85,100,40,170,  ,  ,  ,-1, 
9/12/2019 11:11,98,66,66,85,100,40,170,  ,  ,  ,-1, 
9/12/2019 11:11,95,66,61,85,100,40,170,  ,  ,  ,-1, 
9/12/2019 11:11,99,67,60,85,100,40,170,  ,  ,  ,-1, 
9/12/2019 11:11,91,66,60,85,100,40,170,  ,  ,  ,-1, 
9/12/2019 11:11,97,66,60,85,100,40,170,  ,  ,  ,-1, 
9/12/2019 11:11,96,66,65,85,100,40,170,  ,  ,  ,-1, 
9/12/2019 11:11,96,66,66,85,100,40,170,  ,  ,  ,-1, 
9/12/2019 11:11,98,67,66,85,100,40,170,  ,  ,  ,-1, 
9/12/2019 11:11,99,67,68,85,100,40,170,  ,  ,  ,-1, 
9/12/2019 11:11,100,67,71,85,100,40,170,  ,  ,  ,-1, 
9/12/2019 11:11,94,67,71,85,100,40,170,  ,  ,  ,-1, 
9/12/2019 11:11,100,67,70,85,100,40,170,  ,  ,  ,-1, 
9/12/2019 11:11,94,67,66,85,100,40,170,  ,  ,  ,-1, 
9/12/2019 11:11,99,67,66,85,100,40,170,  ,  ,  ,-1, 
9/12/2019 11:11,91,66,66,85,100,40,170,  ,  ,  ,-1, 
9/12/2019 11:11,99,66,72,85,100,40,170,  ,  ,  ,-1, 
9/12/2019 11:11,91,66,73,85,100,40,170,  ,  ,  ,-1, 
9/12/2019 11:11,99,66,74,85,100,40,170,  ,  ,  ,-1, 
9/12/2019 11:11,100,67,82,85,100,40,170,  ,  ,  ,-1, 
9/12/2019 11:11,93,67,83,85,100,40,170,  ,  ,  ,-1, 
9/12/2019 11:11,99,67,83,85,100,40,170,  ,  ,  ,-1, 
9/12/2019 11:11,91,68,86,85,100,40,170,  ,  ,  ,-1, 
9/12/2019 11:11,97,67,86,85,100,40,170,  ,  ,  ,-1, 
9/12/2019 11:11,96,68,83,85,100,40,170,  ,  ,  ,-1, 
9/12/2019 11:11,93,68,85,85,100,40,170,  ,  ,  ,-1, 
9/12/2019 11:11,92,69,86,85,100,40,170,  ,  ,  ,-1, 
9/12/2019 11:11,90,70,83,85,100,40,170,  ,  ,  ,-1, 
9/12/2019 11:11,96,69,79,85,100,40,170,  ,  ,  ,-1, 
9/12/2019 11:11,99,69,72,85,100,40,170,  ,  ,  ,-1, 
9/12/2019 11:11,90,69,69,85,100,40,170,  ,  ,  ,-1, 
9/12/2019 11:11,99,69,66,85,100,40,170,  ,  ,  ,-1, 
9/12/2019 11:12,99,68,67,85,100,40,170,  ,  ,  ,-1, 
9/12/2019 11:12,97,68,67,85,100,40,170,  ,  ,  ,-1, 
9/12/2019 11:12,90,68,67,85,100,40,170,  ,  ,  ,-1, 
9/12/2019 11:12,95,68,73,85,100,40,170,  ,  ,  ,-1, 
9/12/2019 11:12,91,68,75,85,100,40,170,  ,  ,  ,-1, 
9/12/2019 11:12,92,68,73,85,100,40,170,  ,  ,  ,-1, 
9/12/2019 11:12,96,68,70,85,100,40,170,  ,  ,  ,-1, 
9/12/2019 11:12,92,68,70,85,100,40,170,  ,  ,  ,-1, 
9/12/2019 11:12,95,68,70,85,100,40,170,  ,  ,  ,-1, 
9/12/2019 11:12,96,68,71,85,100,40,170,  ,  ,  ,-1, 
9/12/2019 11:12,95,68,74,85,100,40,170,  ,  ,  ,-1, 
9/12/2019 11:12,94,68,74,85,100,40,170,  ,  ,  ,-1, 
9/12/2019 11:12,94,67,68,85,100,40,170,  ,  ,  ,-1, 
9/12/2019 11:12,96,67,62,85,100,40,170,  ,  ,  ,-1, 
9/12/2019 11:12,99,67,59,85,100,40,170,  ,  ,  ,-1, 
9/12/2019 11:12,100,67,57,85,100,40,170,  ,  ,  ,-1, 
9/12/2019 11:12,98,66,58,85,100,40,170,  ,  ,  ,-1, 
9/12/2019 11:12,94,67,63,85,100,40,170,  ,  ,  ,-1, 
9/12/2019 11:12,92,67,65,85,100,40,170,  ,  ,  ,-1, 
9/12/2019 11:12,91,68,58,85,100,40,170,  ,  ,  ,-1, 
9/12/2019 11:12,93,69,59,85,100,40,170,  ,  ,  ,-1, 
9/12/2019 11:12,98,68,56,85,100,40,170,  ,  ,  ,-1, 
9/12/2019 11:12,98,68,61,85,100,40,170,  ,  ,  ,-1, 
9/12/2019 11:12,92,68,54,85,100,40,170,  ,  ,  ,-1, 
9/12/2019 11:12,95,69,40,85,100,40,170,  ,  ,  ,-1, 
9/12/2019 11:12,90,69,42,85,100,40,170,  ,  ,  ,-1, 
9/12/2019 11:12,90,70,43,85,100,40,170,  ,  ,  ,-1, 
9/12/2019 11:12,90,71,43,85,100,40,170,  ,  ,  ,-1, 
9/12/2019 11:12,93,71,44,85,100,40,170,  ,  ,  ,-1, 
9/12/2019 11:12,98,73,44,85,100,40,170,  ,  ,  ,-1, 
9/12/2019 11:12,95,73,48,85,100,40,170,  ,  ,  ,-1, 
9/12/2019 11:12,95,73,48,85,100,40,170,  ,  ,  ,-1, 
9/12/2019 11:12,97,73,42,85,100,40,170,  ,  ,  ,-1, 
9/12/2019 11:12,90,72,42,85,100,40,170,  ,  ,  ,-1, 
9/12/2019 11:12,96,72,41,85,100,40,170,  ,  ,  ,-1, 
9/12/2019 11:12,93,73,48,85,100,40,170,  ,  ,  ,-1, 
9/12/2019 11:12,99,73,48,85,100,40,170,  ,  ,  ,-1, 
9/12/2019 11:12,98,74,43,85,100,40,170,  ,  ,  ,-1, 
9/12/2019 11:12,93,74,43,85,100,40,170,  ,  ,  ,-1, 
9/12/2019 11:12,99,74,42,85,100,40,170,  ,  ,  ,-1, 
9/12/2019 11:12,93,73,36,85,100,40,170,  ,  ,  ,-1, 
9/12/2019 11:12,100,73,35,85,100,40,170,  ,  ,  ,-1, 
9/12/2019 11:12,93,72,35,85,100,40,170,  ,  ,  ,-1, 
9/12/2019 11:12,95,72,35,85,100,40,170,  ,  ,  ,-1, 
9/12/2019 11:12,90,71,35,85,100,40,170,  ,  ,  ,-1, 
9/12/2019 11:12,93,72,38,85,100,40,170,  ,  ,  ,-1, 
9/12/2019 11:12,93,73,38,85,100,40,170,  ,  ,  ,-1, 
9/12/2019 11:12,94,73,38,85,100,40,170,  ,  ,  ,-1, 
9/12/2019 11:12,98,73,36,85,100,40,170,  ,  ,  ,-1, 
9/12/2019 11:12,93,74,36,85,100,40,170,  ,  ,  ,-1, 
9/12/2019 11:12,98,74,27,85,100,40,170,  ,  ,  ,-1, Interference
9/12/2019 11:12,97,74,111,85,100,40,170,  ,  ,  ,-1, 
9/12/2019 11:12,95,75,111,85,100,40,170,  ,  ,  ,-1, 
9/12/2019 11:12,98,77,34,85,100,40,170,  ,  ,  ,-1, 
9/12/2019 11:12,91,78,31,85,100,40,170,  ,  ,  ,-1, 
9/12/2019 11:12,90,79,20,85,100,40,170,  ,  ,  ,-1, 
9/12/2019 11:12,94,80,19,85,100,40,170,  ,  ,  ,-1, 
9/12/2019 11:12,92,81,18,85,100,40,170,  ,  ,  ,-1, 
9/12/2019 11:12,99,81,18,85,100,40,170,  ,  ,  ,-1, 
9/12/2019 11:12,99,82,18,85,100,40,170,  ,  ,  ,-1, 
9/12/2019 11:13,99,82,18,85,100,40,170,  ,  ,  ,-1, 
9/12/2019 11:13,97,81,19,85,100,40,170,  ,  ,  ,-1, 
9/12/2019 11:13,96,79,22,85,100,40,170,  ,  ,  ,-1, 
9/12/2019 11:13,96,79,46,85,100,40,170,  ,  ,  ,-1, 
9/12/2019 11:13,99,79,46,85,100,40,170,  ,  ,  ,-1, Interference
9/12/2019 11:13,96,78,30,85,100,40,170,  ,  ,  ,-1, 
9/12/2019 11:13,92,78,30,85,100,40,170,  ,  ,  ,-1, 
9/12/2019 11:13,99,78,30,85,100,40,170,  ,  ,  ,-1, 
9/12/2019 11:13,94,78,29,85,100,40,170,  ,  ,  ,-1, 
9/12/2019 11:13,94,80,25,85,100,40,170,  ,  ,  ,-1, 
9/12/2019 11:13,94,80,25,85,100,40,170,  ,  ,  ,-1, 
9/12/2019 11:13,98,80,29,85,100,40,170,  ,  ,  ,-1, 
9/12/2019 11:13,93,79,30,85,100,40,170,  ,  ,  ,-1, 
9/12/2019 11:13,93,81,28,85,100,40,170,  ,  ,  ,-1, Interference
9/12/2019 11:13,90,81,26,85,100,40,170,  ,  ,  ,-1, 
9/12/2019 11:13,97,81,24,85,100,40,170,  ,  ,  ,-1, 
9/12/2019 11:13,95,80,20,85,100,40,170,  ,  ,  ,-1, 
9/12/2019 11:13,94,79,20,85,100,40,170,  ,  ,  ,-1, 
9/12/2019 11:13,94,79,26,85,100,40,170,  ,  ,  ,-1, 
9/12/2019 11:13,99,79,29,85,100,40,170,  ,  ,  ,-1, 
9/12/2019 11:13,96,79,29,85,100,40,170,  ,  ,  ,-1, 
9/12/2019 11:13,92,76,25,85,100,40,170,  ,  ,  ,-1, 
9/12/2019 11:13,96,74,20,85,100,40,170,  ,  ,  ,-1, 
9/12/2019 11:13,97,73,20,85,100,40,170,  ,  ,  ,-1, 
9/12/2019 11:13,94,72,20,85,100,40,170,  ,  ,  ,-1, 
9/12/2019 11:13,90,72,21,85,100,40,170,  ,  ,  ,-1, 
9/12/2019 11:13,95,72,21,85,100,40,170,  ,  ,  ,-1, 
9/12/2019 11:13,98,72,26,85,100,40,170,  ,  ,  ,-1, 
9/12/2019 11:13,99,72,26,85,100,40,170,  ,  ,  ,-1, 
9/12/2019 11:13,97,72,31,85,100,40,170,  ,  ,  ,-1, 
9/12/2019 11:13,93,72,31,85,100,40,170,  ,  ,  ,-1, 
9/12/2019 11:13,95,72,26,85,100,40,170,  ,  ,  ,-1, 
9/12/2019 11:13,93,71,23,85,100,40,170,  ,  ,  ,-1, 
9/12/2019 11:13,97,70,26,85,100,40,170,  ,  ,  ,-1, 
9/12/2019 11:13,91,70,27,85,100,40,170,  ,  ,  ,-1, 
9/12/2019 11:13,91,70,26,85,100,40,170,  ,  ,  ,-1, 
9/12/2019 11:13,93,70,23,85,100,40,170,  ,  ,  ,-1, 
9/12/2019 11:13,96,71,19,85,100,40,170,  ,  ,  ,-1, 
9/12/2019 11:13,94,71,31,85,100,40,170,  ,  ,  ,-1, 
9/12/2019 11:13,99,71,33,85,100,40,170,  ,  ,  ,-1, 
9/12/2019 11:13,91,72,31,85,100,40,170,  ,  ,  ,-1, 
9/12/2019 11:13,100,72,22,85,100,40,170,  ,  ,  ,-1, 
9/12/2019 11:13,92,72,26,85,100,40,170,  ,  ,  ,-1, 
9/12/2019 11:13,95,72,26,85,100,40,170,  ,  ,  ,-1, 
9/12/2019 11:13,94,72,21,85,100,40,170,  ,  ,  ,-1, 
9/12/2019 11:13,94,71,22,85,100,40,170,  ,  ,  ,-1, 
9/12/2019 11:13,98,71,19,85,100,40,170,  ,  ,  ,-1, 
9/12/2019 11:13,95,71,20,85,100,40,170,  ,  ,  ,-1, 
9/12/2019 11:13,98,71,19,85,100,40,170,  ,  ,  ,-1, 
9/12/2019 11:13,94,73,20,85,100,40,170,  ,  ,  ,-1, 
9/12/2019 11:13,92,74,20,85,100,40,170,  ,  ,  ,-1, 
9/12/2019 11:13,93,75,20,85,100,40,170,  ,  ,  ,-1, 
9/12/2019 11:13,99,74,20,85,100,40,170,  ,  ,  ,-1, 
9/12/2019 11:13,96,74,19,85,100,40,170,  ,  ,  ,-1, 
9/12/2019 11:13,90,73,17,85,100,40,170,  ,  ,  ,-1, 
9/12/2019 11:13,100,72,16,85,100,40,170,  ,  ,  ,-1, 
9/12/2019 11:13,96,73,16,85,100,40,170,  ,  ,  ,-1, 
9/12/2019 11:13,95,72,18,85,100,40,170,  ,  ,  ,-1, 
9/12/2019 11:13,99,73,20,85,100,40,170,  ,  ,  ,-1, 
9/12/2019 11:13,100,73,21,85,100,40,170,  ,  ,  ,-1, 
9/12/2019 11:14,90,73,20,85,100,40,170,  ,  ,  ,-1, 
9/12/2019 11:14,100,72,18,85,100,40,170,  ,  ,  ,-1, 
9/12/2019 11:14,99,72,19,85,100,40,170,  ,  ,  ,-1, Interference
9/12/2019 11:14,95,72,18,85,100,40,170,  ,  ,  ,-1, 
9/12/2019 11:14,98,71,28,85,100,40,170,  ,  ,  ,-1, 
9/12/2019 11:14,91,71,107,85,100,40,170,  ,  ,  ,-1, 
9/12/2019 11:14,92,71,153,85,100,40,170,  ,  ,  ,-1, 
9/12/2019 11:14,100,72,137,85,100,40,170,  ,  ,  ,-1, 
9/12/2019 11:14,90,74,23,85,100,40,170,  ,  ,  ,-1, 
9/12/2019 11:14,94,74,23,85,100,40,170,  ,  ,  ,-1, 
9/12/2019 11:14,90,75,23,85,100,40,170,  ,  ,  ,-1, 
9/12/2019 11:14,99,75,22,85,100,40,170,  ,  ,  ,-1, 
9/12/2019 11:14,91,75,21,85,100,40,170,  ,  ,  ,-1, 
9/12/2019 11:14,93,74,21,85,100,40,170,  ,  ,  ,-1, 
9/12/2019 11:14,92,74,21,85,100,40,170,  ,  ,  ,-1, 
9/12/2019 11:14,94,74,21,85,100,40,170,  ,  ,  ,-1, 
9/12/2019 11:14,93,75,21,85,100,40,170,  ,  ,  ,-1, 
9/12/2019 11:14,90,75,22,85,100,40,170,  ,  ,  ,-1, 
9/12/2019 11:14,99,74,23,85,100,40,170,  ,  ,  ,-1, 
9/12/2019 11:14,96,74,23,85,100,40,170,  ,  ,  ,-1, 
9/12/2019 11:14,91,73,23,85,100,40,170,  ,  ,  ,-1, 
9/12/2019 11:14,94,72,25,85,100,40,170,  ,  ,  ,-1, 
9/12/2019 11:14,95,71,25,85,100,40,170,  ,  ,  ,-1, 
9/12/2019 11:14,91,70,23,85,100,40,170,  ,  ,  ,-1, 
9/12/2019 11:14,98,69,24,85,100,40,170,  ,  ,  ,-1, 
9/12/2019 11:14,95,68,24,85,100,40,170,  ,  ,  ,-1, 
9/12/2019 11:14,98,67,24,85,100,40,170,  ,  ,  ,-1, 
9/12/2019 11:14,94,67,28,85,100,40,170,  ,  ,  ,-1, 
9/12/2019 11:14,98,67,29,85,100,40,170,  ,  ,  ,-1, 
9/12/2019 11:14,98,67,29,85,100,40,170,  ,  ,  ,-1, 
9/12/2019 11:14,93,67,29,85,100,40,170,  ,  ,  ,-1, 
9/12/2019 11:14,91,67,35,85,100,40,170,  ,  ,  ,-1, 
9/12/2019 11:14,96,67,36,85,100,40,170,  ,  ,  ,-1, 
9/12/2019 11:14,96,67,36,85,100,40,170,  ,  ,  ,-1, 
9/12/2019 11:14,90,68,32,85,100,40,170,  ,  ,  ,-1, 
9/12/2019 11:14,95,68,31,85,100,40,170,  ,  ,  ,-1, 
9/12/2019 11:14,95,68,29,85,100,40,170,  ,  ,  ,-1, 
9/12/2019 11:14,99,69,27,85,100,40,170,  ,  ,  ,-1, 
9/12/2019 11:14,97,71,28,85,100,40,170,  ,  ,  ,-1, 
9/12/2019 11:14,97,71,28,85,100,40,170,  ,  ,  ,-1, 
9/12/2019 11:14,92,70,28,85,100,40,170,  ,  ,  ,-1, 
9/12/2019 11:14,100,69,28,85,100,40,170,  ,  ,  ,-1, 
9/12/2019 11:14,95,69,28,85,100,40,170,  ,  ,  ,-1, 
9/12/2019 11:14,91,69,28,85,100,40,170,  ,  ,  ,-1, 
9/12/2019 11:14,95,68,48,85,100,40,170,  ,  ,  ,-1, 
9/12/2019 11:14,92,69,52,85,100,40,170,  ,  ,  ,-1, 
9/12/2019 11:14,94,70,52,85,100,40,170,  ,  ,  ,-1, 
9/12/2019 11:14,96,70,29,85,100,40,170,  ,  ,  ,-1, 
9/12/2019 11:14,97,71,29,85,100,40,170,  ,  ,  ,-1, 
9/12/2019 11:14,93,71,30,85,100,40,170,  ,  ,  ,-1, 
9/12/2019 11:14,98,71,47,85,100,40,170,  ,  ,  ,-1, 
9/12/2019 11:14,99,71,47,85,100,40,170,  ,  ,  ,-1, 
9/12/2019 11:14,97,71,40,85,100,40,170,  ,  ,  ,-1, 
9/12/2019 11:14,92,71,30,85,100,40,170,  ,  ,  ,-1, Interference
9/12/2019 11:14,92,70,32,85,100,40,170,  ,  ,  ,-1, 
9/12/2019 11:14,97,70,85,85,100,40,170,  ,  ,  ,-1, 
9/12/2019 11:14,91,71,86,85,100,40,170,  ,  ,  ,-1, Interference
9/12/2019 11:14,98,71,33,85,100,40,170,  ,  ,  ,-1, 
9/12/2019 11:14,93,69,24,85,100,40,170,  ,  ,  ,-1, 
9/12/2019 11:14,98,71,50,85,100,40,170,  ,  ,  ,-1, 
9/12/2019 11:15,98,72,51,85,100,40,170,  ,  ,  ,-1, 
9/12/2019 11:15,93,71,39,85,100,40,170,  ,  ,  ,-1, 
9/12/2019 11:15,96,71,49,85,100,40,170,  ,  ,  ,-1, Interference
9/12/2019 11:15,100,71,49,85,100,40,170,  ,  ,  ,-1, 
9/12/2019 11:15,92,71,42,85,100,40,170,  ,  ,  ,-1, 
9/12/2019 11:15,94,72,43,85,100,40,170,  ,  ,  ,-1, 
9/12/2019 11:15,93,72,34,85,100,40,170,  ,  ,  ,-1, 
9/12/2019 11:15,100,73,22,85,100,40,170,  ,  ,  ,-1, 
9/12/2019 11:15,96,73,23,85,100,40,170,  ,  ,  ,-1, 
9/12/2019 11:15,91,74,23,85,100,40,170,  ,  ,  ,-1, 
9/12/2019 11:15,93,74,22,85,100,40,170,  ,  ,  ,-1, 
9/12/2019 11:15,95,74,24,85,100,40,170,  ,  ,  ,-1, 
9/12/2019 11:15,100,74,24,85,100,40,170,  ,  ,  ,-1, 
9/12/2019 11:15,98,75,24,85,100,40,170,  ,  ,  ,-1, 
9/12/2019 11:15,91,75,28,85,100,40,170,  ,  ,  ,-1, 
9/12/2019 11:15,93,77,28,85,100,40,170,  ,  ,  ,-1, 
9/12/2019 11:15,90,77,25,85,100,40,170,  ,  ,  ,-1, 
9/12/2019 11:15,91,76,26,85,100,40,170,  ,  ,  ,-1, 
9/12/2019 11:15,90,76,25,85,100,40,170,  ,  ,  ,-1, 
9/12/2019 11:15,96,75,24,85,100,40,170,  ,  ,  ,-1, 
9/12/2019 11:15,93,75,24,85,100,40,170,  ,  ,  ,-1, 
9/12/2019 11:15,94,73,24,85,100,40,170,  ,  ,  ,-1, 
9/12/2019 11:15,98,73,25,85,100,40,170,  ,  ,  ,-1, 
9/12/2019 11:15,90,73,27,85,100,40,170,  ,  ,  ,-1, 
9/12/2019 11:15,96,73,27,85,100,40,170,  ,  ,  ,-1, 
9/12/2019 11:15,99,73,28,85,100,40,170,  ,  ,  ,-1, 
9/12/2019 11:15,92,73,26,85,100,40,170,  ,  ,  ,-1, 
9/12/2019 11:15,90,73,24,85,100,40,170,  ,  ,  ,-1, 
9/12/2019 11:15,98,73,24,85,100,40,170,  ,  ,  ,-1, 
9/12/2019 11:15,100,73,24,85,100,40,170,  ,  ,  ,-1, 
9/12/2019 11:15,90,72,25,85,100,40,170,  ,  ,  ,-1, 
9/12/2019 11:15,90,72,26,85,100,40,170,  ,  ,  ,-1, 
9/12/2019 11:15,93,72,23,85,100,40,170,  ,  ,  ,-1, 
9/12/2019 11:15,95,72,24,85,100,40,170,  ,  ,  ,-1, 
9/12/2019 11:15,92,72,24,85,100,40,170,  ,  ,  ,-1, 
9/12/2019 11:15,99,72,23,85,100,40,170,  ,  ,  ,-1, 
9/12/2019 11:15,94,72,24,85,100,40,170,  ,  ,  ,-1, 
9/12/2019 11:15,92,72,23,85,100,40,170,  ,  ,  ,-1, 
9/12/2019 11:15,95,71,24,85,100,40,170,  ,  ,  ,-1, 
9/12/2019 11:15,100,71,23,85,100,40,170,  ,  ,  ,-1, 
9/12/2019 11:15,100,71,25,85,100,40,170,  ,  ,  ,-1, 
9/12/2019 11:15,100,70,25,85,100,40,170,  ,  ,  ,-1, 
9/12/2019 11:15,91,71,25,85,100,40,170,  ,  ,  ,-1, 
9/12/2019 11:15,94,71,26,85,100,40,170,  ,  ,  ,-1, 
9/12/2019 11:15,99,71,26,85,100,40,170,  ,  ,  ,-1, 
9/12/2019 11:15,94,72,26,85,100,40,170,  ,  ,  ,-1, 
9/12/2019 11:15,92,72,23,85,100,40,170,  ,  ,  ,-1, 
9/12/2019 11:15,92,72,24,85,100,40,170,  ,  ,  ,-1, 
9/12/2019 11:15,95,72,24,85,100,40,170,  ,  ,  ,-1, 
9/12/2019 11:15,97,72,24,85,100,40,170,  ,  ,  ,-1, 
9/12/2019 11:15,100,72,25,85,100,40,170,  ,  ,  ,-1, 
9/12/2019 11:15,98,72,25,85,100,40,170,  ,  ,  ,-1, 
9/12/2019 11:15,97,72,24,85,100,40,170,  ,  ,  ,-1, 
9/12/2019 11:15,99,72,23,85,100,40,170,  ,  ,  ,-1, 
9/12/2019 11:15,93,72,22,85,100,40,170,  ,  ,  ,-1, 
9/12/2019 11:15,97,72,22,85,100,40,170,  ,  ,  ,-1, 
9/12/2019 11:15,96,73,22,85,100,40,170,  ,  ,  ,-1, 
9/12/2019 11:15,96,73,25,85,100,40,170,  ,  ,  ,-1, 
9/12/2019 11:15,96,72,25,85,100,40,170,  ,  ,  ,-1, 
9/12/2019 11:15,99,72,22,85,100,40,170,  ,  ,  ,-1, 
9/12/2019 11:16,91,71,20,85,100,40,170,  ,  ,  ,-1, 
9/12/2019 11:16,90,71,21,85,100,40,170,  ,  ,  ,-1, 
9/12/2019 11:16,97,70,21,85,100,40,170,  ,  ,  ,-1, 
9/12/2019 11:16,99,70,22,85,100,40,170,  ,  ,  ,-1, 
9/12/2019 11:16,100,70,22,85,100,40,170,  ,  ,  ,-1, 
9/12/2019 11:16,94,70,22,85,100,40,170,  ,  ,  ,-1, 
9/12/2019 11:16,95,70,23,85,100,40,170,  ,  ,  ,-1, 
9/12/2019 11:16,98,71,25,85,100,40,170,  ,  ,  ,-1, 
9/12/2019 11:16,95,71,25,85,100,40,170,  ,  ,  ,-1, 
9/12/2019 11:16,97,71,28,85,100,40,170,  ,  ,  ,-1, 
9/12/2019 11:16,97,71,28,85,100,40,170,  ,  ,  ,-1, 
9/12/2019 11:16,93,71,28,85,100,40,170,  ,  ,  ,-1, 
9/12/2019 11:16,93,71,28,85,100,40,170,  ,  ,  ,-1, 
9/12/2019 11:16,90,70,27,85,100,40,170,  ,  ,  ,-1, 
9/12/2019 11:16,95,70,27,85,100,40,170,  ,  ,  ,-1, 
9/12/2019 11:16,98,69,26,85,100,40,170,  ,  ,  ,-1, 
9/12/2019 11:16,94,69,27,85,100,40,170,  ,  ,  ,-1, 
9/12/2019 11:16,99,68,29,85,100,40,170,  ,  ,  ,-1, 
9/12/2019 11:16,97,68,71,85,100,40,170,  ,  ,  ,-1, 
9/12/2019 11:16,91,68,122,85,100,40,170,  ,  ,  ,-1, Interference
9/12/2019 11:16,98,68,122,85,100,40,170,  ,  ,  ,-1, 
9/12/2019 11:16,91,70,79,85,100,40,170,  ,  ,  ,-1, 
9/12/2019 11:16,96,70,107,85,100,40,170,  ,  ,  ,-1, 
9/12/2019 11:16,92,71,107,85,100,40,170,  ,  ,  ,-1, 
9/12/2019 11:16,91,73,51,85,100,40,170,  ,  ,  ,-1, 
9/12/2019 11:16,94,74,26,85,100,40,170,  ,  ,  ,-1, 
9/12/2019 11:16,91,76,23,85,100,40,170,  ,  ,  ,-1, 
9/12/2019 11:16,94,77,20,85,100,40,170,  ,  ,  ,-1, 
9/12/2019 11:16,94,77,18,85,100,40,170,  ,  ,  ,-1, 
9/12/2019 11:16,93,78,18,85,100,40,170,  ,  ,  ,-1, 
9/12/2019 11:16,98,78,17,85,100,40,170,  ,  ,  ,-1, 
9/12/2019 11:16,97,78,17,85,100,40,170,  ,  ,  ,-1, 
9/12/2019 11:16,93,78,18,85,100,40,170,  ,  ,  ,-1, 
9/12/2019 11:16,95,77,18,85,100,40,170,  ,  ,  ,-1, 
9/12/2019 11:16,99,76,18,85,100,40,170,  ,  ,  ,-1, 
9/12/2019 11:16,94,76,20,85,100,40,170,  ,  ,  ,-1, 
9/12/2019 11:16,96,75,22,85,100,40,170,  ,  ,  ,-1, 
9/12/2019 11:16,94,75,22,85,100,40,170,  ,  ,  ,-1, 
9/12/2019 11:16,100,75,23,85,100,40,170,  ,  ,  ,-1, 
9/12/2019 11:16,92,75,23,85,100,40,170,  ,  ,  ,-1, 
9/12/2019 11:16,96,75,66,85,100,40,170,  ,  ,  ,-1, 
9/12/2019 11:16,99,75,68,85,100,40,170,  ,  ,  ,-1, Interference
9/12/2019 11:16,95,75,44,85,100,40,170,  ,  ,  ,-1, 
9/12/2019 11:16,95,74,27,85,100,40,170,  ,  ,  ,-1, 
9/12/2019 11:16,90,75,38,85,100,40,170,  ,  ,  ,-1, 
9/12/2019 11:16,100,75,38,85,100,40,170,  ,  ,  ,-1, 
9/12/2019 11:16,90,75,36,85,100,40,170,  ,  ,  ,-1, 
9/12/2019 11:16,94,76,38,85,100,40,170,  ,  ,  ,-1, 
9/12/2019 11:16,98,77,39,85,100,40,170,  ,  ,  ,-1, 
9/12/2019 11:16,93,78,36,85,100,40,170,  ,  ,  ,-1, 
9/12/2019 11:16,91,78,35,85,100,40,170,  ,  ,  ,-1, 
9/12/2019 11:16,92,77,35,85,100,40,170,  ,  ,  ,-1, 
9/12/2019 11:16,98,75,29,85,100,40,170,  ,  ,  ,-1, 
9/12/2019 11:16,93,74,29,85,100,40,170,  ,  ,  ,-1, 
9/12/2019 11:16,97,74,28,85,100,40,170,  ,  ,  ,-1, 
9/12/2019 11:16,94,74,28,85,100,40,170,  ,  ,  ,-1, 
9/12/2019 11:16,93,73,28,85,100,40,170,  ,  ,  ,-1, 
9/12/2019 11:16,91,73,28,85,100,40,170,  ,  ,  ,-1, 
9/12/2019 11:16,99,73,28,85,100,40,170,  ,  ,  ,-1, 
9/12/2019 11:16,92,73,26,85,100,40,170,  ,  ,  ,-1, 
9/12/2019 11:17,91,73,27,85,100,40,170,  ,  ,  ,-1, 
9/12/2019 11:17,97,73,27,85,100,40,170,  ,  ,  ,-1, 
9/12/2019 11:17,92,73,25,85,100,40,170,  ,  ,  ,-1, 
9/12/2019 11:17,98,73,24,85,100,40,170,  ,  ,  ,-1, 
9/12/2019 11:17,93,72,25,85,100,40,170,  ,  ,  ,-1, 
9/12/2019 11:17,98,72,24,85,100,40,170,  ,  ,  ,-1, 
9/12/2019 11:17,99,72,23,85,100,40,170,  ,  ,  ,-1, 
9/12/2019 11:17,92,72,24,85,100,40,170,  ,  ,  ,-1, 
9/12/2019 11:17,92,72,25,85,100,40,170,  ,  ,  ,-1, 
9/12/2019 11:17,98,73,24,85,100,40,170,  ,  ,  ,-1, 
9/12/2019 11:17,92,73,26,85,100,40,170,  ,  ,  ,-1, 
9/12/2019 11:17,94,72,26,85,100,40,170,  ,  ,  ,-1, 
9/12/2019 11:17,93,71,26,85,100,40,170,  ,  ,  ,-1, 
9/12/2019 11:17,98,71,26,85,100,40,170,  ,  ,  ,-1, 
9/12/2019 11:17,90,70,26,85,100,40,170,  ,  ,  ,-1, 
9/12/2019 11:17,97,70,26,85,100,40,170,  ,  ,  ,-1, 
9/12/2019 11:17,91,71,25,85,100,40,170,  ,  ,  ,-1, 
9/12/2019 11:17,97,71,27,85,100,40,170,  ,  ,  ,-1, 
9/12/2019 11:17,98,73,28,85,100,40,170,  ,  ,  ,-1, 
9/12/2019 11:17,99,73,27,85,100,40,170,  ,  ,  ,-1, 
9/12/2019 11:17,99,73,26,85,100,40,170,  ,  ,  ,-1, 
9/12/2019 11:17,94,72,25,85,100,40,170,  ,  ,  ,-1, 
9/12/2019 11:17,94,72,25,85,100,40,170,  ,  ,  ,-1, 
9/12/2019 11:17,97,71,26,85,100,40,170,  ,  ,  ,-1, 
9/12/2019 11:17,100,70,26,85,100,40,170,  ,  ,  ,-1, 
9/12/2019 11:17,96,70,25,85,100,40,170,  ,  ,  ,-1, 
9/12/2019 11:17,98,70,25,85,100,40,170,  ,  ,  ,-1, 
9/12/2019 11:17,95,70,27,85,100,40,170,  ,  ,  ,-1, 
9/12/2019 11:17,93,70,27,85,100,40,170,  ,  ,  ,-1, 
9/12/2019 11:17,99,70,26,85,100,40,170,  ,  ,  ,-1, 
9/12/2019 11:17,91,70,27,85,100,40,170,  ,  ,  ,-1, 
9/12/2019 11:17,94,70,28,85,100,40,170,  ,  ,  ,-1, 
9/12/2019 11:17,91,71,28,85,100,40,170,  ,  ,  ,-1, 
9/12/2019 11:17,98,71,29,85,100,40,170,  ,  ,  ,-1, 
9/12/2019 11:17,94,71,32,85,100,40,170,  ,  ,  ,-1, 
9/12/2019 11:17,92,71,32,85,100,40,170,  ,  ,  ,-1, 
9/12/2019 11:17,99,71,31,85,100,40,170,  ,  ,  ,-1, 
9/12/2019 11:17,99,71,31,85,100,40,170,  ,  ,  ,-1, 
9/12/2019 11:17,92,71,29,85,100,40,170,  ,  ,  ,-1, 
9/12/2019 11:17,98,72,29,85,100,40,170,  ,  ,  ,-1, 
9/12/2019 11:17,97,72,30,85,100,40,170,  ,  ,  ,-1, 
9/12/2019 11:17,94,72,30,85,100,40,170,  ,  ,  ,-1, 
9/12/2019 11:17,90,72,30,85,100,40,170,  ,  ,  ,-1, 
9/12/2019 11:17,96,72,28,85,100,40,170,  ,  ,  ,-1, 
9/12/2019 11:17,98,71,28,85,100,40,170,  ,  ,  ,-1, 
9/12/2019 11:17,91,71,27,85,100,40,170,  ,  ,  ,-1, 
9/12/2019 11:17,98,70,27,85,100,40,170,  ,  ,  ,-1, 
9/12/2019 11:17,99,70,27,85,100,40,170,  ,  ,  ,-1, 
9/12/2019 11:17,91,71,29,85,100,40,170,  ,  ,  ,-1, 
9/12/2019 11:17,98,70,37,85,100,40,170,  ,  ,  ,-1, 
9/12/2019 11:17,95,72,37,85,100,40,170,  ,  ,  ,-1, 
9/12/2019 11:17,97,72,31,85,100,40,170,  ,  ,  ,-1, 
9/12/2019 11:17,100,72,24,85,100,40,170,  ,  ,  ,-1, 
9/12/2019 11:17,92,71,24,85,100,40,170,  ,  ,  ,-1, 
9/12/2019 11:17,97,71,22,85,100,40,170,  ,  ,  ,-1, 
9/12/2019 11:17,94,70,22,85,100,40,170,  ,  ,  ,-1, 
9/12/2019 11:17,94,70,22,85,100,40,170,  ,  ,  ,-1, 
9/12/2019 11:17,93,69,21,85,100,40,170,  ,  ,  ,-1, 
9/12/2019 11:17,91,69,28,85,100,40,170,  ,  ,  ,-1, 
9/12/2019 11:17,100,69,22,85,100,40,170,  ,  ,  ,-1, 
9/12/2019 11:18,98,69,22,85,100,40,170,  ,  ,  ,-1, 
9/12/2019 11:18,97,69,22,85,100,40,170,  ,  ,  ,-1, 
9/12/2019 11:18,94,69,22,85,100,40,170,  ,  ,  ,-1, 
9/12/2019 11:18,90,69,23,85,100,40,170,  ,  ,  ,-1, 
9/12/2019 11:18,96,69,23,85,100,40,170,  ,  ,  ,-1, 
9/12/2019 11:18,99,69,27,85,100,40,170,  ,  ,  ,-1, 
9/12/2019 11:18,94,70,31,85,100,40,170,  ,  ,  ,-1, 
9/12/2019 11:18,95,69,31,85,100,40,170,  ,  ,  ,-1, 
9/12/2019 11:18,90,69,28,85,100,40,170,  ,  ,  ,-1, Interference
9/12/2019 11:18,99,69,35,85,100,40,170,  ,  ,  ,-1, 
9/12/2019 11:18,95,68,35,85,100,40,170,  ,  ,  ,-1, 
9/12/2019 11:18,95,69,34,85,100,40,170,  ,  ,  ,-1, 
9/12/2019 11:18,100,69,33,85,100,40,170,  ,  ,  ,-1, 
9/12/2019 11:18,98,69,33,85,100,40,170,  ,  ,  ,-1, 
9/12/2019 11:18,98,69,33,85,100,40,170,  ,  ,  ,-1, 
9/12/2019 11:18,98,70,33,85,100,40,170,  ,  ,  ,-1, 
9/12/2019 11:18,95,70,35,85,100,40,170,  ,  ,  ,-1, 
9/12/2019 11:18,97,70,41,85,100,40,170,  ,  ,  ,-1, 
9/12/2019 11:18,91,70,41,85,100,40,170,  ,  ,  ,-1, 
9/12/2019 11:18,96,69,40,85,100,40,170,  ,  ,  ,-1, 
9/12/2019 11:18,94,69,42,85,100,40,170,  ,  ,  ,-1, 
9/12/2019 11:18,100,69,48,85,100,40,170,  ,  ,  ,-1, 
9/12/2019 11:18,97,68,52,85,100,40,170,  ,  ,  ,-1, 
9/12/2019 11:18,94,67,52,85,100,40,170,  ,  ,  ,-1, 
9/12/2019 11:18,100,66,46,85,100,40,170,  ,  ,  ,-1, 
9/12/2019 11:18,94,66,48,85,100,40,170,  ,  ,  ,-1, 
9/12/2019 11:18,92,65,48,85,100,40,170,  ,  ,  ,-1, 
9/12/2019 11:18,100,65,164,85,100,40,170,  ,  ,  ,-1, 
9/12/2019 11:18,99,65,173,85,100,40,170,  ,  ,  ,-1, 
9/12/2019 11:18,93,65,187,85,100,40,170,  ,  ,  ,-1, Interference
9/12/2019 11:18,99,65,192,85,100,40,170,  ,  ,  ,-1, 
9/12/2019 11:18,98,65,126,85,100,40,170,  ,  ,  ,-1, 
9/12/2019 11:18,94,65,66,85,100,40,170,  ,  ,  ,-1, 
9/12/2019 11:18,95,66,62,85,100,40,170,  ,  ,  ,-1, 
9/12/2019 11:18,100,66,59,85,100,40,170,  ,  ,  ,-1, 
9/12/2019 11:18,97,65,60,85,100,40,170,  ,  ,  ,-1, 
9/12/2019 11:18,98,65,51,85,100,40,170,  ,  ,  ,-1, 
9/12/2019 11:18,94,65,49,85,100,40,170,  ,  ,  ,-1, 
9/12/2019 11:18,90,65,52,85,100,40,170,  ,  ,  ,-1, 
9/12/2019 11:18,91,64,52,85,100,40,170,  ,  ,  ,-1, 
9/12/2019 11:18,99,65,60,85,100,40,170,  ,  ,  ,-1, 
9/12/2019 11:18,90,66,61,85,100,40,170,  ,  ,  ,-1, 
9/12/2019 11:18,91,66,61,85,100,40,170,  ,  ,  ,-1, 
9/12/2019 11:18,97,66,60,85,100,40,170,  ,  ,  ,-1, 
9/12/2019 11:18,94,67,64,85,100,40,170,  ,  ,  ,-1, 
9/12/2019 11:18,93,67,69,85,100,40,170,  ,  ,  ,-1, 
9/12/2019 11:18,99,67,75,85,100,40,170,  ,  ,  ,-1, 
9/12/2019 11:18,95,67,78,85,100,40,170,  ,  ,  ,-1, 
9/12/2019 11:18,96,67,59,85,100,40,170,  ,  ,  ,-1, 
9/12/2019 11:18,95,66,54,85,100,40,170,  ,  ,  ,-1, 
9/12/2019 11:18,97,66,57,85,100,40,170,  ,  ,  ,-1, 
9/12/2019 11:18,97,67,51,85,100,40,170,  ,  ,  ,-1, 
9/12/2019 11:18,100,67,49,85,100,40,170,  ,  ,  ,-1, 
9/12/2019 11:18,95,67,45,85,100,40,170,  ,  ,  ,-1, 
9/12/2019 11:18,92,68,44,85,100,40,170,  ,  ,  ,-1, 
9/12/2019 11:18,98,67,42,85,100,40,170,  ,  ,  ,-1, 
9/12/2019 11:18,90,66,40,85,100,40,170,  ,  ,  ,-1, 
9/12/2019 11:18,90,66,39,85,100,40,170,  ,  ,  ,-1, 
9/12/2019 11:18,94,66,39,85,100,40,170,  ,  ,  ,-1, 
9/12/2019 11:18,99,66,42,85,100,40,170,  ,  ,  ,-1, 
9/12/2019 11:19,99,66,41,85,100,40,170,  ,  ,  ,-1, 
9/12/2019 11:19,99,66,39,85,100,40,170,  ,  ,  ,-1, 
9/12/2019 11:19,94,67,42,85,100,40,170,  ,  ,  ,-1, 
9/12/2019 11:19,99,68,42,85,100,40,170,  ,  ,  ,-1, 
9/12/2019 11:19,94,68,46,85,100,40,170,  ,  ,  ,-1, 
9/12/2019 11:19,95,68,45,85,100,40,170,  ,  ,  ,-1, 
9/12/2019 11:19,92,68,46,85,100,40,170,  ,  ,  ,-1, 
9/12/2019 11:19,91,68,55,85,100,40,170,  ,  ,  ,-1, 
9/12/2019 11:19,93,67,58,85,100,40,170,  ,  ,  ,-1, 
9/12/2019 11:19,100,68,58,85,100,40,170,  ,  ,  ,-1, 
9/12/2019 11:19,92,69,52,85,100,40,170,  ,  ,  ,-1, 
9/12/2019 11:19,94,69,53,85,100,40,170,  ,  ,  ,-1, 
9/12/2019 11:19,93,69,53,85,100,40,170,  ,  ,  ,-1, 
9/12/2019 11:19,94,69,47,85,100,40,170,  ,  ,  ,-1, 
9/12/2019 11:19,92,69,45,85,100,40,170,  ,  ,  ,-1, 
9/12/2019 11:19,90,69,46,85,100,40,170,  ,  ,  ,-1, 
9/12/2019 11:19,94,70,46,85,100,40,170,  ,  ,  ,-1, 
9/12/2019 11:19,99,70,44,85,100,40,170,  ,  ,  ,-1, 
9/12/2019 11:19,99,70,40,85,100,40,170,  ,  ,  ,-1, 
9/12/2019 11:19,92,71,37,85,100,40,170,  ,  ,  ,-1, 
9/12/2019 11:19,91,70,34,85,100,40,170,  ,  ,  ,-1, 
9/12/2019 11:19,96,69,33,85,100,40,170,  ,  ,  ,-1, 
9/12/2019 11:19,90,69,33,85,100,40,170,  ,  ,  ,-1, 
9/12/2019 11:19,99,69,32,85,100,40,170,  ,  ,  ,-1, 
9/12/2019 11:19,95,68,37,85,100,40,170,  ,  ,  ,-1, 
9/12/2019 11:19,93,68,39,85,100,40,170,  ,  ,  ,-1, 
9/12/2019 11:19,92,69,39,85,100,40,170,  ,  ,  ,-1, 
9/12/2019 11:19,98,69,48,85,100,40,170,  ,  ,  ,-1, 
9/12/2019 11:19,97,70,53,85,100,40,170,  ,  ,  ,-1, 
9/12/2019 11:19,90,70,63,85,100,40,170,  ,  ,  ,-1, 
9/12/2019 11:19,93,70,63,85,100,40,170,  ,  ,  ,-1, 
9/12/2019 11:19,95,69,43,85,100,40,170,  ,  ,  ,-1, 
9/12/2019 11:19,95,69,44,85,100,40,170,  ,  ,  ,-1, 
9/12/2019 11:19,98,68,44,85,100,40,170,  ,  ,  ,-1, 
9/12/2019 11:19,99,67,30,85,100,40,170,  ,  ,  ,-1, 
9/12/2019 11:19,100,67,30,85,100,40,170,  ,  ,  ,-1, 
9/12/2019 11:19,96,67,33,85,100,40,170,  ,  ,  ,-1, 
9/12/2019 11:19,92,67,37,85,100,40,170,  ,  ,  ,-1, 
9/12/2019 11:19,90,67,41,85,100,40,170,  ,  ,  ,-1, 
9/12/2019 11:19,93,67,41,85,100,40,170,  ,  ,  ,-1, 
9/12/2019 11:19,96,67,41,85,100,40,170,  ,  ,  ,-1, 
9/12/2019 11:19,90,67,41,85,100,40,170,  ,  ,  ,-1, 
9/12/2019 11:19,95,67,44,85,100,40,170,  ,  ,  ,-1, 
9/12/2019 11:19,100,67,45,85,100,40,170,  ,  ,  ,-1, 
9/12/2019 11:19,92,66,45,85,100,40,170,  ,  ,  ,-1, 
9/12/2019 11:19,98,66,45,85,100,40,170,  ,  ,  ,-1, 
9/12/2019 11:19,97,67,51,85,100,40,170,  ,  ,  ,-1, 
9/12/2019 11:19,95,67,51,85,100,40,170,  ,  ,  ,-1, 
9/12/2019 11:19,97,67,51,85,100,40,170,  ,  ,  ,-1, 
9/12/2019 11:19,93,67,53,85,100,40,170,  ,  ,  ,-1, 
9/12/2019 11:19,98,67,53,85,100,40,170,  ,  ,  ,-1, 
9/12/2019 11:19,95,67,52,85,100,40,170,  ,  ,  ,-1, 
9/12/2019 11:19,94,67,43,85,100,40,170,  ,  ,  ,-1, 
9/12/2019 11:19,98,67,41,85,100,40,170,  ,  ,  ,-1, 
9/12/2019 11:19,98,67,38,85,100,40,170,  ,  ,  ,-1, 
9/12/2019 11:19,95,67,34,85,100,40,170,  ,  ,  ,-1, 
9/12/2019 11:19,98,67,34,85,100,40,170,  ,  ,  ,-1, 
9/12/2019 11:19,98,67,34,85,100,40,170,  ,  ,  ,-1, 
9/12/2019 11:19,99,67,30,85,100,40,170,  ,  ,  ,-1, 
9/12/2019 11:19,97,68,29,85,100,40,170,  ,  ,  ,-1, 
9/12/2019 11:20,99,68,33,85,100,40,170,  ,  ,  ,-1, 
9/12/2019 11:20,92,68,33,85,100,40,170,  ,  ,  ,-1, Interference
9/12/2019 11:20,94,68,42,85,100,40,170,  ,  ,  ,-1, 
9/12/2019 11:20,94,68,82,85,100,40,170,  ,  ,  ,-1, 
9/12/2019 11:20,94,68,85,85,100,40,170,  ,  ,  ,-1, 
9/12/2019 11:20,91,68,71,85,100,40,170,  ,  ,  ,-1, 
9/12/2019 11:20,91,68,8,85,100,40,170,  ,  ,  ,-1, 
9/12/2019 11:20,90,69,4,85,100,40,170,  ,  ,  ,-1, Interference
9/12/2019 11:20,100,69,2,85,100,40,170,  ,  ,  ,-1, 
9/12/2019 11:20,94,69,2,85,100,40,170,  ,  ,  ,-1, 
9/12/2019 11:20,93,69,3,85,100,40,170,  ,  ,  ,-1, 
9/12/2019 11:20,93,69,2,85,100,40,170,  ,  ,  ,-1, 
9/12/2019 11:20,91,69,2,85,100,40,170,  ,  ,  ,-1, 
9/12/2019 11:20,94,75,3,85,100,40,170,  ,  ,  ,-1, 
9/12/2019 11:20,93,75,215,85,100,40,170,  ,  ,  ,-1, Interference
9/12/2019 11:20,92,75,244,85,100,40,170,  ,  ,  ,-1, 
9/12/2019 11:20,91,75,67,85,100,40,170,  ,  ,  ,-1, 
9/12/2019 11:20,93,75,51,85,100,40,170,  ,  ,  ,-1, 
9/12/2019 11:20,97,75,50,85,100,40,170,  ,  ,  ,-1, 
9/12/2019 11:20,92,74,46,85,100,40,170,  ,  ,  ,-1, 
9/12/2019 11:20,96,74,89,85,100,40,170,  ,  ,  ,-1, Interference
9/12/2019 11:20,94,73,228,85,100,40,170,  ,  ,  ,-1, 
9/12/2019 11:20,95,  ,0,85,100,40,170,  ,  ,  ,-1, Sensor Off
9/12/2019 11:20,100,  ,236,85,100,40,170,  ,  ,  ,-1, 
9/12/2019 11:20,90,  ,231,85,100,40,170,  ,  ,  ,-1, 
9/12/2019 11:20,90,  ,114,85,100,40,170,  ,  ,  ,-1, 
9/12/2019 11:20,98,70,62,85,100,40,170,  ,  ,  ,-1, 
9/12/2019 11:20,91,62,113,85,100,40,170,  ,  ,  ,-1, 
9/12/2019 11:20,96,62,138,85,100,40,170,  ,  ,  ,-1, Interference
